{
  "config_general": {
    "lighteval_sha": "?",
    "num_fewshot_seeds": 1,
    "override_batch_size": -1,
    "max_samples": null,
    "job_id": 0,
    "start_time": 4232713.061915882,
    "end_time": 4233030.529685161,
    "total_evaluation_time_secondes": "317.4677692791447",
    "model_name": "_local_scratch_zli2255_workspace_open-r1_experiments_exp_grpo_fft_ckpt_reward_expert_1000_1e-06_checkpoint-350",
    "model_sha": "",
    "model_dtype": null,
    "model_size": null,
    "generation_parameters": {
      "early_stopping": null,
      "repetition_penalty": null,
      "frequency_penalty": null,
      "length_penalty": null,
      "presence_penalty": null,
      "max_new_tokens": 32768,
      "min_new_tokens": null,
      "seed": 7,
      "stop_tokens": null,
      "temperature": 0.8,
      "top_k": null,
      "min_p": null,
      "top_p": 0.9,
      "truncate_prompt": null,
      "response_format": null
    }
  },
  "results": {
    "custom|aime25|0": {
      "extractive_match": 0.16666666666666666,
      "extractive_match_stderr": 0.06920456654478328
    },
    "all": {
      "extractive_match": 0.16666666666666666,
      "extractive_match_stderr": 0.06920456654478328
    }
  },
  "versions": {
    "custom|aime25|0": 1
  },
  "config_tasks": {
    "custom|aime25": {
      "name": "aime25",
      "prompt_function": "aime_prompt_fn",
      "hf_repo": "yentinglin/aime_2025",
      "hf_subset": "default",
      "metric": [
        {
          "metric_name": "extractive_match",
          "higher_is_better": true,
          "category": "3",
          "use_case": "1",
          "sample_level_fn": "sample_level_fn",
          "corpus_level_fn": "mean"
        }
      ],
      "hf_revision": null,
      "hf_filter": null,
      "hf_avail_splits": [
        "train"
      ],
      "trust_dataset": false,
      "evaluation_splits": [
        "train"
      ],
      "few_shots_split": null,
      "few_shots_select": null,
      "generation_size": 32768,
      "generation_grammar": null,
      "stop_sequence": [],
      "num_samples": null,
      "suite": [
        "custom"
      ],
      "original_num_docs": 30,
      "effective_num_docs": 30,
      "must_remove_duplicate_docs": false,
      "version": 1
    }
  },
  "summary_tasks": {
    "custom|aime25|0": {
      "hashes": {
        "hash_examples": "76561f892edc3343",
        "hash_full_prompts": "f7f3867a71ee06da",
        "hash_input_tokens": "a5f0035ccca29c36",
        "hash_cont_tokens": "f3d91e07e5a5eef6"
      },
      "truncated": 0,
      "non_truncated": 30,
      "padded": 0,
      "non_padded": 30,
      "effective_few_shots": 0.0,
      "num_truncated_few_shots": 0
    }
  },
  "summary_general": {
    "hashes": {
      "hash_examples": "9ab54f3d147b6bdc",
      "hash_full_prompts": "21b59dbb15047511",
      "hash_input_tokens": "bf4fa0eadf8a315d",
      "hash_cont_tokens": "d830ec7f41ffb511"
    },
    "truncated": 0,
    "non_truncated": 30,
    "padded": 0,
    "non_padded": 30,
    "num_truncated_few_shots": 0
  }
}